nome,genero
adalgisa,fem
nikolai,masc
leda,fem
zelenka,fem
ariberto,masc
batistino,masc
camby,fem
fabiane,fem
cacapava,fem
desire,fem
rutger,masc
alirio,masc
naum,masc
belami,masc
lacedemon,masc
faon,masc
nazariela,fem
amanara,fem
maes,fem
delfim,masc
nerine,fem
realengo,masc
francesco,masc
valeriana,masc
calix,fem
arkadius,masc
verginia,fem
itanema,fem
licio,masc
reuben,masc
seleno,masc
manjusha,fem
turmalina,fem
yeva,fem
erardo,masc
rosinha,fem
francesca,fem
chantal,masc
deolinda,fem
genciana,fem
casto,masc
waioleka,fem
ramses,masc
paladino,masc
junia,fem
adalard,masc
juliano,masc
seiji,masc
madalena,fem
ailina,fem
ingrid,fem
valdec,masc
cirano,masc
cadile,fem
paco,masc
dana,fem
janel,fem
parisio,masc
glice,fem
marjani,fem
augusta,fem
madel,fem
brunnah,fem
tainaca,fem
sinesia,fem
heloisa,fem
drimaco,masc
rita,fem
egidia,fem
wladis,fem
bessie,fem
joshua,masc
copreu,masc
zehava,fem
nanine,fem
benjamim,masc
dores,fem
maala,fem
riberto,masc
potira,fem
roberval,masc
orestes,masc
gabrio,masc
nicodemus,masc
joyce,fem
hurassi,masc
yehudi,masc
marinho,masc
calamo,masc
gayla,fem
desdemona,fem
cara,fem
basilides,masc
petrarca,masc
carlton,masc
aricleia,fem
wapasha,masc
eutalia,fem
tansy,masc
pilatos,masc
calcante,masc
malva,fem
jacinir,masc
tim,masc
ernani,masc
fortuna,masc
piera,fem
adams,masc
tercia,fem
valfredo,masc
zuriel,masc
eugenia,fem
gedeao,masc
eloina,fem
zanini,masc
alvina,fem
wilson,masc
sheila,fem
rosamaria,fem
idalina,fem
lavone,fem
tolosa,fem
raoul,masc
queiroga,fem
kamadewa,masc
clementine,fem
lemoine,masc
kaluana,masc
estefanio,masc
alberta,fem
lair,masc
cordelia,fem
baldwin,masc
clark,masc
werner,masc
nirvana,fem
camille,fem
iriri,masc
oberon,masc
frida,fem
gisleine,fem
delamari,fem
kaila,fem
livia,fem
rasmussen,masc
osmar,masc
clitia,fem
karly,fem
aminda,fem
heradia,fem
agledes,masc
anselme,fem
iraci,fem
agave,fem
galates,masc
felicio,masc
aquias,masc
anta,masc
laguna,fem
blando,masc
irani,fem
kenichi,masc
valdemar,masc
ismail,masc
elissa,fem
enid,fem
jens,masc
zachary,masc
tiago,masc
boris,masc
newton,masc
hamadriade,fem
marcia,fem
icra,masc
quintanilha,masc
marlon,masc
marcela,fem
ksenya,fem
eustaquio,masc
georg,masc
heracleia,fem
cloe,fem
kirk,masc
odara,masc
hazel,masc
eudora,fem
euler,masc
marlene,fem
airao,masc
maluf,masc
imael,masc
lani,fem
tilexine,fem
baiardo,masc
hisiodo,masc
deborah,fem
lia,fem
rosilene,fem
adrastea,fem
anja,fem
borghild,masc
nidia,masc
simaco,masc
jadon,masc
eucleia,fem
abdera,fem
lepido,masc
keaka,fem
lelanta,fem
keakakona,fem
agnese,fem
ariosto,masc
leroy,masc
amos,masc
edesio,masc
gilda,fem
jacirema,fem
moi,masc
renner,masc
jobim,masc
ednare,fem
sigrid,fem
acace,masc
kane,masc
otavia,fem
simplicia,fem
bernardine,fem
koni,masc
raisa,fem
luna,fem
ladaria,fem
aimara,fem
itapoa,masc
ormeo,masc
erica,fem
norton,masc
filipa,fem
dominique,fem
ramos,masc
dagom,masc
nemo,masc
ludmila,fem
edivaldo,masc
amada,fem
felismino,masc
munir,masc
cayres,masc
angicia,fem
josenilda,fem
apollinairis,masc
alecio,masc
eudine,fem
mab,masc
hartwig,masc
virgilio,masc
edson,masc
antonieta,fem
irineu,masc
hayato,masc
velma,fem
elizabete,fem
evanildo,masc
nilton,masc
alessia,fem
backer,masc
adalzira,fem
aristeu,masc
lavinia,fem
nereu,masc
macario,masc
balbo,masc
hidetaka,masc
beaulah,masc
chelsea,masc
dirce,fem
ezra,fem
jerema,fem
aleardo,masc
alcantara,fem
zandona,masc
yvonne,fem
lepeka,fem
fileas,masc
venerando,masc
mahina,fem
samara,fem
neomedes,masc
emara,masc
miyako,masc
clovis,masc
mozart,masc
calino,masc
oswald,masc
magna,fem
candido,masc
cadi,fem
filipe,masc
manoela,fem
natalicio,masc
bersabe,fem
isnar,masc
aguilara,fem
norberto,masc
elcana,fem
romao,masc
kamal,masc
kakalina,fem
milena,fem
rosaria,fem
mariel,fem
jardine,masc
wanderson,masc
noa,fem
odo,masc
euclides,masc
epifanio,masc
badin,masc
melissa,fem
sigfrid,fem
feronia,fem
perpetua,fem
pomona,fem
clodomiro,masc
tufi,masc
bendita,fem
ojibe,masc
acemiro,masc
ary,masc
lokine,masc
marcelo,masc
walesca,fem
jose,masc
ida,fem
makelina,fem
melahel,masc
kristal,fem
osiris,masc
xanthus,masc
ipe,fem
gabriel,masc
poliana,fem
ribas,masc
damarina,fem
antitio,masc
yoko,fem
acelo,masc
erard,masc
cicreu,masc
konrad,masc
academos,masc
angelo,masc
xafik,masc
sadoque,masc
idril,masc
brenda,fem
tecoara,masc
wenceslas,fem
eudocia,fem
nelio,masc
fausto,masc
gioconda,fem
mourao,masc
pocema,fem
camocim,fem
christianna,fem
benevenuto,masc
esperanca,fem
anisia,fem
lokele,fem
taiguara,masc
ambrosina,fem
xenofonte,masc
edeline,fem
odaleia,masc
sinfronio,masc
miguel,masc
imaculada,fem
bizet,fem
palapala,fem
leonie,masc
adrienne,fem
jandaira,fem
mucia,fem
hipolito,masc
apio,masc
eurides,fem
winifreda,fem
andrea,fem
candal,fem
chang,masc
agamenon,masc
otilio,masc
palona,masc
kamuela,masc
tainara,fem
jorio,masc
georges,masc
peregrino,masc
ibare,masc
wagner,masc
leah,fem
rebekah,fem
edberto,masc
bricio,masc
glaucia,fem
lazaro,masc
meakiai,masc
cassiana,fem
claudete,fem
ranulfo,masc
claudiano,masc
aracae,masc
yeda,fem
rossi,masc
iaba,fem
anesio,masc
argentina,fem
andomar,masc
giovanni,masc
jardel,masc
belarmino,masc
fulvio,masc
mentor,masc
kerstin,fem
boiardo,masc
yancy,masc
taylor,masc
matias,masc
aneci,fem
gracia,fem
simon,masc
ajuricaba,masc
oduino,masc
shirley,fem
barata,fem
celino,masc
adalelmo,masc
anima,fem
deise,fem
agda,fem
mansueto,fem
adauto,masc
suzana,fem
ofelia,fem
regulo,masc
icaro,masc
fabricia,fem
ekena,masc
hartmut,masc
dardeno,masc
barcelos,masc
hassan,masc
sabrina,fem
iemanja,fem
josie,fem
faris,masc
ado,masc
bueno,masc
kerina,fem
arlete,fem
himineu,masc
jesuina,fem
itauna,fem
florbela,fem
eloisa,fem
eva,fem
catarina,fem
jaima,fem
andrzej,masc
baltar,masc
fernandes,masc
micaela,fem
adelmarino,masc
electra,fem
erika,fem
nataniel,masc
liliane,fem
orquidea,fem
deni,masc
almeidna,fem
remulo,masc
wallace,masc
jaci,fem
edoardo,masc
simplicio,masc
hiroito,masc
malika,fem
adib,masc
aristofanes,masc
anselmina,fem
gary,masc
ramiro,masc
pandareu,masc
apolonios,masc
hagite,fem
peke,masc
clarissa,fem
ruda,masc
elmano,masc
zamira,fem
ventura,masc
griselda,fem
tacito,masc
zanchi,masc
cambuci,fem
aparecido,masc
antonio,masc
evelyn,fem
donatello,masc
ligia,fem
vigilio,masc
euriale,fem
gaby,fem
brasilia,masc
ebalo,masc
leonidas,fem
filomela,fem
susumo,masc
quaraciama,fem
ebenezer,masc
caim,masc
otacilia,fem
naor,masc
caturama,fem
adila,fem
absalom,masc
andreia,fem
bailey,masc
galdino,masc
helmut,masc
adalberia,fem
axel,masc
henedina,fem
robine,masc
hekewika,fem
fradique,masc
ravi,masc
bogdana,masc
blanck,fem
dickson,masc
fulton,masc
jabel,masc
mikhail,masc
caleb,masc
jonathan,masc
kakali,masc
odete,fem
aquila,fem
jupiter,masc
lisete,fem
esmeria,fem
parsifal,masc
kali,fem
anco,masc
yente,masc
sofocles,masc
delio,masc
francisco,masc
melinda,fem
rae,masc
lelio,masc
addolorata,fem
crasso,masc
sila,fem
raven,masc
esidio,masc
ada,fem
hanani,fem
zenir,masc
lacerda,fem
timoteo,masc
lissandra,fem
liliana,fem
kleber,masc
morais,masc
avila,masc
aide,fem
walelia,fem
diogo,masc
benigno,masc
militino,masc
diceia,fem
heber,masc
carla,fem
verena,fem
matuzalem,masc
ayla,fem
colares,fem
xavantina,fem
vyviane,fem
teodomiro,masc
shin,masc
anselmino,masc
sabatino,masc
aleixo,masc
bacelar,masc
edward,masc
idere,fem
lucca,masc
andrade,masc
fauzi,masc
heitor,masc
quixote,masc
elias,masc
afranio,masc
sloan,masc
uba,masc
mota,masc
ubandara,masc
adamanto,masc
grania,fem
brigido,masc
nilma,fem
macedon,masc
keli,fem
jacicoe,masc
epi,masc
aladim,masc
toante,masc
bob,masc
cole,masc
dan,masc
megaron,masc
monique,fem
magdala,masc
zerbini,masc
dagmara,fem
joana,fem
vicenzo,masc
waldrich,masc
zev,masc
kely,fem
cayari,fem
zafira,fem
amelia,fem
caiubi,masc
abundio,masc
anando,masc
deodoro,masc
teca,masc
saturnino,masc
haniel,masc
horton,masc
amerindia,fem
patrocles,masc
theodore,masc
padua,masc
baio,masc
conceicao,fem
joelle,masc
zeca,masc
aidil,masc
eliot,masc
ariele,fem
rose,fem
almir,masc
apolinaire,masc
deodato,masc
idomeneu,masc
milano,masc
germaine,fem
anouk,fem
eduardo,masc
raira,fem
marilena,fem
penelope,fem
dalia,fem
adlai,masc
plauto,masc
vinicio,masc
noel,masc
lorraine,fem
alegria,fem
abra,fem
clemencio,masc
esteves,masc
ralph,masc
benjamine,fem
rurik,masc
roberta,fem
dascilo,masc
italo,masc
neila,fem
gastao,masc
layla,fem
berardo,masc
aba,fem
caeculus,masc
acineto,masc
melquias,masc
alessandro,masc
kola,masc
ambrose,fem
enoque,masc
behael,masc
edna,fem
percia,fem
achila,fem
maquiavel,masc
nicandro,masc
sibila,fem
iana,fem
padovani,masc
lilian,fem
aagje,fem
itabira,masc
araripe,masc
fahir,masc
laurencio,masc
flori,fem
hidalgo,masc
kasandra,fem
elise,masc
aukanaii,masc
antipara,masc
ifigenio,masc
tabita,fem
panda,fem
susana,fem
antoinette,fem
milciades,masc
adrasteia,fem
odenato,masc
rosendo,masc
ibsen,fem
cendira,fem
leto,masc
thierry,masc
laureano,masc
palatino,masc
adari,masc
ibiraja,masc
thamires,fem
demetrio,masc
dinartea,fem
mirina,fem
justo,masc
quodvultdeus,masc
rhodes,masc
hana,fem
aracne,fem
arildo,masc
colombino,masc
nowak,masc
raynard,masc
suelen,fem
taiane,fem
generosa,fem
fajardo,masc
maximiliano,masc
elder,masc
bourbon,masc
juventino,masc
rodovaldo,masc
fenix,masc
salviano,masc
clancy,masc
tolinda,fem
nahim,masc
wilmara,fem
herodes,masc
oseias,masc
inae,fem
fuad,masc
nereide,masc
heleno,masc
zora,fem
collet,masc
bensabat,masc
doris,masc
nina,fem
magnus,masc
polifemo,masc
ariel,masc
rosina,fem
enrique,masc
malvina,fem
anselm,masc
eliaquim,masc
koma,masc
fido,masc
galvao,masc
gerin,masc
gilvaneide,fem
courtney,fem
honorio,masc
kermit,masc
adelmiro,masc
narceu,masc
jasper,masc
nancy,fem
bayer,masc
ludgero,masc
feron,masc
hannibal,masc
feitosa,masc
anthony,masc
isa,fem
ezio,masc
brenho,masc
nathan,masc
heliodora,fem
odulfo,masc
iratama,fem
zeki,masc
hercilio,masc
almerinda,fem
adamantino,masc
aldegunde,masc
aldevina,fem
eunice,fem
apolino,masc
farida,fem
benevola,fem
ansaldo,masc
giannina,fem
margot,fem
cristal,fem
azarias,masc
desiree,fem
musa,fem
eder,masc
candy,fem
aglaio,masc
mirtos,masc
alanis,fem
aedona,fem
barbie,fem
herodiao,masc
arianna,fem
ario,masc
fileto,masc
emaci,fem
cloud,masc
maxine,masc
astemio,masc
aimbere,masc
sergio,masc
pandoro,masc
androcleia,fem
kanji,masc
afife,fem
kadichari,fem
anemola,fem
sabara,masc
austregesilo,masc
claudionor,masc
antimaco,masc
kassia,fem
veridiana,fem
araciara,fem
heiko,masc
yuri,masc
eufrasia,fem
caridoto,masc
acacia,fem
estenio,masc
serafina,fem
jordao,masc
adeltrudes,masc
magalhaes,masc
apoinar,masc
fragoso,masc
jupi,masc
cimeina,fem
zania,fem
haydee,fem
abana,fem
perito,masc
anicia,fem
maua,masc
geia,fem
danita,fem
teocrito,masc
catulo,masc
araruna,masc
sidonio,masc
flaviano,masc
obadia,masc
calidno,masc
bachmann,masc
norris,masc
vadenberg,masc
mendel,masc
alene,fem
climerio,masc
xuan,fem
adolfo,masc
hans,masc
eucles,masc
cipouna,fem
bea,fem
pelegrino,masc
aristagoras,masc
latoya,fem
ermenegildo,masc
danuto,masc
baldomero,masc
sean,masc
nardini,masc
almada,fem
arajuba,masc
tomer,masc
custodio,masc
aleia,fem
liberato,masc
alistair,masc
lourival,masc
amandina,fem
maristela,fem
alcioneu,masc
naahman,masc
edith,fem
ugo,masc
beca,fem
elpenor,masc
sampaio,masc
elmar,masc
onelia,fem
ofir,masc
aquilio,masc
angelina,fem
wendel,masc
naim,masc
baruque,masc
yates,masc
almeria,fem
fenaio,masc
ahsley,fem
zareh,masc
maurici,masc
serafino,masc
itamar,masc
naldo,masc
peresia,masc
regina,fem
evandro,masc
sertorio,masc
ormeno,masc
salatiel,masc
alcebiades,masc
teddy,masc
demas,masc
rabelo,masc
rocema,fem
carmen,fem
enery,fem
unxia,masc
edvaldo,masc
lisarte,masc
laurent,masc
dolores,fem
piedade,masc
guilherme,masc
justiniano,masc
alfeno,masc
branca,fem
roedel,masc
ansur,masc
dinah,fem
andina,fem
damiao,masc
apoedia,fem
obulo,masc
ajax,masc
lamberto,masc
lucio,masc
ra,masc
yure,masc
janete,fem
hiroki,masc
quira,fem
verissimo,masc
radmila,fem
marte,masc
menphis,masc
jaguar,masc
doralice,fem
murta,fem
simeao,masc
almiro,masc
inaie,fem
mahaoo,fem
geremaro,masc
anaja,fem
ibaque,masc
galhardo,masc
hogo,masc
kimo,masc
iguana,fem
dieneces,masc
cambycara,fem
eugenio,masc
gentil,masc
hunter,masc
habel,fem
violante,masc
julianne,fem
almeida,masc
upira,masc
washington,masc
freia,fem
nadabe,masc
oriana,fem
hilde,fem
arlindo,masc
gabala,fem
odilon,masc
matatias,masc
enzo,masc
katia,fem
kieran,masc
acates,masc
nazaria,fem
abud,masc
roriz,masc
fox,masc
aguinaldo,masc
kennedy,masc
rildo,masc
fabia,fem
agnelo,masc
fingal,masc
lamar,masc
polonio,masc
morrice,masc
belcanto,masc
eton,masc
hipereides,fem
maris,fem
walger,masc
caoilainn,masc
flaminia,fem
ligorio,masc
oto,masc
gunda,masc
hani,fem
chun,fem
oivario,masc
nana,fem
eirati,fem
jubal,masc
yvone,fem
caon,masc
garnet,masc
baependi,masc
chester,masc
cassandra,fem
cirineu,masc
ivani,fem
pedrina,fem
daltivo,masc
potengy,masc
palapi,fem
estefanas,masc
carioca,masc
agueda,fem
laulena,fem
ikaika,masc
araquem,masc
reinoldo,masc
martiniano,masc
corallina,fem
anadionema,fem
rain,masc
genival,masc
eleakim,masc
horacia,fem
forel,masc
marcial,masc
camelia,fem
joelma,fem
youseef,masc
sofronio,masc
lopaka,masc
ladislas,masc
policleto,masc
amilcar,masc
faustolo,masc
jeceara,fem
anfitrite,fem
raoni,masc
nestor,masc
gualter,masc
donga,masc
rockne,masc
belfort,fem
floriana,fem
anes,fem
trinidad,masc
rogerio,masc
oko,masc
ampliato,masc
kento,masc
elzeario,masc
raiden,masc
anaxarete,fem
mayim,masc
justus,masc
esperanza,fem
khuri,masc
aritana,fem
polimela,fem
lumiana,fem
maite,fem
quandt,fem
keefe,masc
fidio,masc
laina,fem
pace,masc
aimao,masc
leal,masc
zorah,fem
eros,masc
nivea,fem
oldaira,fem
socorro,fem
aracelis,fem
peixoto,masc
melania,fem
lafontaine,fem
barsare,masc
hector,masc
alienor,masc
fabiola,fem
enio,masc
petroski,masc
zuleica,fem
amador,masc
maximiniana,masc
adriana,fem
gal,fem
arari,masc
xadai,masc
filemon,masc
berta,fem
laudalia,fem
filareto,masc
mabel,masc
lenita,fem
rhett,masc
juarana,fem
alcides,masc
eberaldo,masc
izolita,fem
neia,fem
fanny,fem
ovid,masc
linda,fem
decio,masc
adamo,masc
rafi,masc
yakecan,masc
dulcelina,fem
rina,fem
javier,masc
vital,masc
jairo,masc
micarla,fem
antonino,masc
acalantis,fem
randolfo,masc
isaac,masc
arariboia,masc
remedios,masc
dimitri,masc
ladao,masc
aureo,masc
acteao,masc
blanda,fem
ulysses,masc
eldred,masc
macunaima,masc
hormenio,masc
zahrah,masc
tabata,fem
semiramis,fem
andreza,masc
oka,masc
gislaine,fem
almirante,masc
gaspar,masc
jesuino,masc
arion,masc
katarina,fem
adriel,masc
heliberto,masc
dib,masc
elquenor,masc
berilio,masc
penha,masc
judit,fem
flausino,masc
silena,fem
iolanda,fem
lapa,masc
sirene,fem
gliceria,fem
gurgel,masc
alvise,fem
dustin,fem
latino,masc
clistenes,masc
raymond,masc
charlote,fem
ena,fem
brasiliano,masc
neputira,fem
emanuela,fem
clorinda,fem
yolanda,fem
ipana,fem
juaci,masc
celeste,fem
catira,fem
epaminondas,masc
agustine,masc
xarif,masc
yachi,masc
ebert,masc
lucas,masc
judy,fem
quirino,masc
urbano,masc
antonina,fem
fernao,masc
acidalia,fem
brumalia,fem
alexandre,masc
klaus,masc
donatila,fem
teodoro,masc
nicia,fem
garrido,masc
aaliyah,fem
wilda,fem
arduino,masc
ipupiara,masc
egeu,masc
cupido,masc
morgana,fem
vasti,fem
caramuru,masc
zebulon,fem
eginardo,masc
estacio,masc
valentino,masc
seraome,fem
bartolo,masc
basil,masc
angelica,fem
danielle,fem
etelvino,masc
maximilienne,fem
margarida,fem
acir,masc
felenio,masc
ferraz,masc
douglas,masc
marie,fem
rubi,fem
izilcara,fem
yacamin,masc
arquelau,masc
aresio,masc
herculano,masc
katherine,fem
saber,masc
graciela,fem
enare,masc
jin,masc
vladislav,masc
adamina,fem
ipua,fem
uolace,masc
zarek,masc
arlina,fem
otelo,masc
ramon,masc
alida,fem
nereza,fem
lorinda,fem
mateus,masc
betsy,fem
oricema,fem
karim,fem
luciola,fem
inez,fem
tammy,fem
badi,masc
keki,fem
alcidia,fem
cordel,masc
alcindo,masc
geisila,fem
fedra,fem
afrodite,fem
leoncio,masc
atalia,fem
arao,masc
zelfa,fem
vagner,masc
yan,masc
eusebio,masc
antalcidas,masc
joan,masc
warda,fem
baucide,fem
siomara,fem
zaide,fem
nicomedes,masc
delta,fem
solano,masc
icario,masc
zalman,masc
frontis,masc
batistina,fem
inalecio,masc
amancio,masc
concordia,fem
bark,masc
barnabas,masc
fatima,fem
maddalena,fem
jafar,masc
agelau,masc
roxane,masc
anthea,fem
gena,fem
badui,masc
oris,masc
erondina,fem
catreu,masc
bosco,masc
beulah,masc
xilon,masc
porcina,fem
palemon,masc
wady,masc
uriel,fem
kaio,masc
acemira,fem
fleury,masc
hermon,masc
endi,masc
hermes,masc
quinteria,fem
didima,fem
virginia,fem
giglio,masc
tolmai,masc
naama,masc
rutilio,masc
loreto,masc
cobe,fem
likeke,masc
rogeria,fem
kailani,fem
adelmarina,fem
grace,fem
raban,masc
jael,masc
harriet,masc
paladio,masc
mebahel,masc
cedar,masc
egon,masc
mendes,masc
gregor,masc
marcio,masc
manai,fem
sachafer,masc
ank,fem
abayomi,fem
idesta,fem
idmon,masc
jesebel,fem
fagundo,masc
idalia,fem
georgete,fem
flavie,fem
milton,masc
africano,masc
endyra,fem
adonias,masc
jewel,masc
nemias,masc
hayden,masc
rubem,masc
eumenes,masc
alvarenga,fem
iluminato,masc
oquena,masc
mozar,masc
singrid,fem
alcione,fem
igara,fem
friederike,masc
anselma,fem
dedan,masc
soraia,fem
astride,masc
lakshmi,fem
agnaldo,masc
marcilio,masc
burnier,masc
joel,masc
ryotaro,masc
giles,masc
golias,masc
electa,fem
isidoro,masc
caulon,masc
tommy,masc
ipojuca,masc
pancracio,masc
girani,fem
caiua,masc
marcolino,masc
cisseu,masc
antemio,masc
linh,fem
damasceno,masc
palakiko,masc
andrea,fem
maluhia,fem
aliyah,masc
camapua,fem
amalberga,fem
guinete,fem
ibiara,fem
melo,masc
fani,fem
giacomo,masc
nilda,fem
atico,masc
lane,fem
solange,fem
celica,fem
acelino,masc
lanake,fem
bronwen,masc
hermine,masc
raschele,fem
acirema,fem
gale,fem
artemio,masc
penafort,masc
giuliana,fem
liuba,fem
sebastiana,fem
gamaliel,masc
pavuna,fem
daria,fem
terensis,masc
hur,masc
kiara,fem
satoru,masc
isis,fem
darin,masc
quezia,masc
manuella,fem
dinair,fem
calimeria,fem
romario,masc
pitangui,masc
evodia,fem
bolivar,masc
abigail,fem
everardo,masc
queli,fem
clausio,masc
anabel,fem
bela,fem
abeona,fem
eda,fem
ataleia,fem
fernando,masc
antelmo,masc
tobias,masc
maxwel,masc
almerio,masc
cabira,fem
marco,masc
eric,masc
glaucipe,fem
vanda,fem
geraldino,masc
palani,fem
marshal,masc
haskel,masc
scherer,masc
ecaiara,fem
ikepela,fem
turin,masc
camel,masc
elia,fem
jada,fem
apolina,fem
teanira,fem
kamby,masc
pierina,fem
maicon,masc
stanley,masc
jucana,fem
rogato,masc
perilo,masc
irving,masc
yasmin,fem
meehiel,masc
martino,masc
diva,fem
lilsa,fem
benito,masc
macrina,fem
gilberto,masc
eliza,fem
daciano,masc
xerxes,masc
adalberon,masc
anacreonte,masc
bedelia,fem
guido,masc
gualtiero,masc
liouba,masc
kanike,fem
deus,masc
perdita,fem
frutuoso,masc
andira,fem
hazael,fem
ignes,fem
tancredo,masc
enedina,fem
ascanio,masc
patience,fem
enrico,masc
simeon,masc
venilia,fem
nuna,fem
pacaembu,masc
jekaterina,fem
erasto,masc
tosin,masc
sinesio,masc
lily,fem
dayse,fem
roriza,fem
lalela,masc
filomena,fem
kira,fem
adel,masc
charla,fem
belerofonte,masc
aecio,masc
aranha,fem
taina,fem
michelle,fem
lila,fem
baldomar,masc
joata,masc
kemal,fem
arsenio,masc
escolastico,masc
lora,fem
schumacher,masc
cindra,fem
lidya,fem
hosana,fem
aliaa,fem
roald,masc
schubert,masc
airy,masc
carlindo,masc
victoria,fem
berenice,fem
selmiro,masc
servulo,masc
jango,masc
alciao,masc
zeus,masc
nelita,fem
armand,masc
reinaldo,masc
ranieri,masc
ela,masc
romeo,masc
alcina,fem
maraneima,fem
diego,masc
leticia,fem
beate,fem
iva,masc
adora,fem
winike,masc
apeles,masc
jimy,masc
roseli,fem
coimbra,masc
kuanna,fem
alcidamo,masc
thiago,masc
xaviera,fem
genara,fem
sarah,fem
genetilides,fem
cosme,masc
zahra,fem
anjuta,fem
xenos,masc
sedecias,masc
leopoldino,masc
flavia,fem
jardano,masc
frieda,fem
adilson,masc
yahto,masc
yone,fem
lauriano,masc
eson,masc
gorki,masc
malie,fem
winston,masc
morpheu,masc
ecajira,fem
bertagnoli,masc
bariri,fem
madeline,fem
catia,fem
elisha,fem
peter,masc
menfis,masc
kana,masc
hebe,fem
policena,fem
pora,masc
balbina,fem
balster,masc
nadal,masc
pandora,fem
niceforo,masc
rebelo,masc
anubis,masc
silverio,masc
jatir,masc
astrogildo,masc
lenis,masc
amim,masc
guacira,fem
michela,fem
ateneu,masc
calidora,fem
anatole,masc
zilma,masc
rex,masc
nick,masc
xama,masc
ibiraci,masc
betania,fem
valdemiro,masc
ben,masc
margarit,fem
jacomo,masc
farah,fem
raphael,masc
odair,masc
judite,fem
onias,masc
penalvo,masc
nero,masc
wanda,fem
sebastiao,masc
halikaka,fem
fayard,masc
tirsa,fem
galieno,masc
valdivio,masc
neda,fem
pirene,masc
aretusa,fem
gurinhem,masc
osorio,masc
ademir,masc
zaynab,fem
manu,masc
andre,masc
josefa,fem
canara,fem
andras,masc
ecabara,fem
onesio,masc
aegla,fem
joaquim,masc
leandro,masc
nilsen,masc
lionel,masc
aristobulo,masc
agenor,masc
sabiano,masc
dora,fem
emmanuelle,fem
parmenio,masc
david,masc
toledo,masc
ebira,fem
auricelia,fem
stephanie,fem
leocadia,masc
armida,fem
marigold,masc
aime,fem
cam,masc
plutarco,masc
alec,masc
epicuro,masc
emanuel,masc
boyd,masc
rosvaldo,masc
clarimunda,fem
francine,fem
pei,fem
tabira,fem
alencastro,masc
clarencio,masc
emerita,fem
aghata,fem
eike,masc
lancelot,masc
dourival,masc
assis,masc
eni,fem
yoshiaki,masc
magino,masc
isaia,masc
gareth,fem
agesilau,masc
micol,fem
atamante,masc
iglesias,masc
rhonda,masc
armia,fem
acarnane,masc
elson,masc
hortensia,fem
beau,fem
wiltom,masc
lavinea,fem
anquises,masc
marisa,fem
rosita,fem
aeneas,masc
moria,fem
anami,fem
eleonora,fem
darius,masc
jaciara,fem
maurice,masc
arabi,fem
juan,masc
gilmar,masc
emare,masc
uchoa,masc
nabi,masc
joas,fem
albino,masc
ibaretama,fem
marivaldo,masc
flaminio,masc
alteia,fem
napeia,fem
yule,masc
pieter,masc
perminio,masc
partenope,masc
wilmar,masc
mathias,masc
ulando,masc
elsie,fem
genevieve,fem
torrance,masc
ema,fem
justine,fem
aphrodite,fem
atlas,masc
larisa,fem
ecauna,fem
eudes,masc
zaida,fem
leonia,fem
garibaldi,masc
jade,fem
tanuz,masc
ervin,masc
bogumil,masc
eudoxio,masc
donaldo,masc
phelan,masc
jussara,fem
campbel,fem
gibrail,masc
etevaldo,masc
germano,masc
agnes,fem
kathy,fem
manfredo,masc
antje,fem
clarina,fem
anice,fem
lino,masc
gumercindo,masc
nara,fem
edgard,masc
roger,masc
zerlinda,fem
zada,fem
zenas,masc
scott,masc
nery,masc
metanira,fem
paul,masc
nadi,fem
liz,fem
marica,fem
poti,masc
edmarcio,masc
georgia,fem
kapila,masc
wellington,masc
eulino,masc
calisto,masc
antigona,fem
siv,fem
firmino,masc
carter,masc
dexter,masc
nanci,fem
agata,fem
myrella,fem
halima,fem
diacira,fem
aracy,fem
frederico,masc
rolando,masc
alaina,fem
antigowa,masc
vinicius,masc
thais,fem
said,masc
nora,fem
molly,masc
fedalto,masc
cambuquira,fem
gwineth,fem
debra,fem
dalberto,masc
monoke,masc
djamila,fem
salomon,masc
medardo,masc
ilah,masc
canuto,masc
keane,masc
robby,masc
manaca,fem
anuncia,fem
amintor,masc
cecilia,fem
teresa,fem
ygor,masc
takashi,masc
ermengarda,fem
querubim,fem
suely,fem
dulcineia,fem
zarco,masc
neida,fem
christofer,masc
climenia,fem
nemeia,fem
nilo,masc
kuumomimakamae,fem
raimondo,masc
cercion,masc
rachel,fem
admin,masc
rodney,masc
tarquecio,masc
joao,masc
peakalika,fem
alaor,masc
ermirio,masc
cleia,fem
eurodo,masc
maire,fem
gildo,masc
jakob,masc
damiana,fem
vitalina,fem
homero,masc
diomiro,masc
claudino,masc
ermelinda,fem
ruan,masc
binder,masc
gadi,masc
cilene,fem
reid,masc
eistein,masc
romualdo,masc
sulamita,fem
sandro,masc
tersio,masc
wilhelmina,fem
flynn,masc
timoteus,masc
dalton,masc
rob,masc
alaba,masc
kenrick,masc
taciquara,fem
mira,fem
lorenza,fem
urias,masc
moritz,masc
karina,fem
odisseu,masc
agostinho,masc
patricia,fem
bonifacia,fem
ednie,fem
yentil,masc
taciata,fem
murillo,masc
windsor,masc
naneki,fem
willian,masc
lalo,masc
eryca,fem
cunina,fem
democrates,masc
adrien,masc
reagan,masc
filogonio,masc
ken,masc
huberto,masc
damocles,masc
lenore,masc
clarita,fem
rochelle,fem
takeshi,masc
borislav,masc
esmond,masc
galena,fem
godofredo,masc
maricilia,fem
esequiel,masc
euridice,fem
iacee,fem
ovidio,masc
gavina,fem
praxedes,masc
arns,masc
nei,masc
catherine,fem
quiteria,fem
glaura,fem
pompeia,fem
graciana,fem
gisela,fem
egidio,masc
kaylane,fem
nelson,masc
sophia,fem
aguilar,masc
geovane,masc
dorothea,fem
herondina,fem
gia,fem
paracambi,masc
camena,fem
salvatore,masc
juvenal,masc
caubi,masc
andramaca,fem
albatenio,masc
emereciano,fem
eloise,fem
jacinira,fem
ume,masc
victorine,masc
lisias,masc
clothilde,fem
argeu,masc
galateia,fem
iberaba,fem
corinto,masc
hira,masc
capotira,fem
thalia,fem
hedviges,fem
darwin,masc
haikela,fem
baena,fem
mairon,masc
lambert,masc
perside,masc
felisbelo,masc
noelia,fem
teobaldo,masc
laurence,masc
ocrisia,fem
fonseca,masc
harold,masc
piata,masc
jurema,fem
irma,fem
florencio,masc
silvester,masc
almira,fem
isabela,fem
geruza,fem
george,masc
baniwa,fem
nardo,masc
gisel,fem
roldao,masc
baco,masc
luan,masc
estefano,masc
andocides,masc
barreiros,masc
bran,masc
zaira,fem
moises,masc
moamede,masc
ezequiel,masc
joseph,masc
leuce,masc
epeneto,masc
alana,fem
arquimedes,masc
olavo,masc
quintana,masc
placidia,fem
petronio,masc
agapio,masc
tereza,fem
aristotelina,fem
maggy,masc
ludovica,fem
ona,masc
helena,fem
bertario,masc
arcangelo,masc
omero,masc
anapio,masc
cordula,fem
orson,masc
samira,fem
tamires,fem
constantino,masc
gaia,fem
dercino,masc
foster,masc
perpetuo,masc
dalziza,fem
belano,fem
polinea,fem
bambi,fem
harmon,masc
jaqui,masc
isar,masc
bettina,fem
quiromeu,masc
kabir,masc
adelino,masc
neil,masc
vita,fem
rembrandt,masc
aureliano,masc
viva,fem
romana,fem
adriano,masc
islena,fem
japer,masc
caceres,fem
zaccheus,masc
valerie,masc
balder,masc
jeremias,masc
teodosio,masc
ubata,masc
henrique,masc
dion,masc
paulo,masc
cafene,fem
porfirio,masc
melquiades,masc
setimo,masc
noleka,fem
gwenda,fem
cora,fem
ivanice,fem
iaci,fem
xoloni,masc
dorida,fem
dobromil,masc
olga,fem
asma,masc
tebas,masc
aline,fem
baruc,masc
gaye,fem
dagny,fem
barbela,fem
tatius,masc
petra,fem
juvencia,fem
betel,fem
acaco,masc
damasio,masc
keila,fem
remigio,masc
rolf,masc
hamilcar,masc
ururai,masc
edwin,masc
manhana,fem
teotonio,masc
neria,fem
lucineide,fem
andrew,masc
majui,masc
biron,masc
peres,masc
febo,masc
tais,fem
ingomar,masc
zahirah,fem
lyuba,fem
nydia,masc
unigena,fem
abnara,fem
jocelim,masc
policarpo,masc
galeba,fem
genesis,fem
ondrej,masc
graziano,masc
clodoaldo,masc
gedao,masc
agatocles,masc
kaneki,masc
favorino,masc
urtigao,masc
acacio,masc
rufino,masc
deva,fem
rishon,masc
bretas,masc
aiso,fem
grete,fem
june,fem
carmem,fem
simpliciano,masc
narcisio,masc
roquete,masc
joabe,masc
karol,fem
aldir,masc
diomara,fem
aimon,masc
inacio,masc
arcadio,masc
parigot,masc
caliope,fem
delamar,fem
lot,masc
cassilda,fem
aca,fem
eloi,masc
dinora,fem
jo,masc
vladislau,masc
nicolino,masc
brizola,masc
durval,masc
manaolana,fem
alceu,masc
saliba,masc
cauan,masc
aldevira,fem
zancheta,masc
iatai,masc
kamala,masc
ituriel,masc
mollie,masc
isra,fem
georgina,fem
owen,masc
helancia,fem
anesia,fem
cleopatra,fem
cipriana,fem
tiburcio,masc
moema,fem
micael,masc
kara,masc
jenifer,fem
galia,fem
horacio,masc
aldina,fem
severino,masc
odon,masc
ildefonso,masc
liberatore,masc
acursio,masc
alano,masc
robson,masc
pedrinho,masc
menipo,masc
fidelis,masc
lamartine,fem
hava,fem
takafumi,masc
itacira,fem
amparo,masc
ninive,masc
ihelane,fem
leonardo,masc
greta,fem
pierre,masc
adelita,fem
elbia,fem
liliam,fem
lutero,masc
hideki,fem
mader,masc
sven,masc
fabian,masc
henri,masc
cabucu,masc
pedroso,masc
isnardo,masc
krista,fem
japira,fem
amosia,fem
oksana,masc
abelardo,masc
bonifante,masc
erla,fem
jacinto,masc
becky,fem
lamenha,fem
sylvie,masc
katya,fem
ramona,fem
kiichi,masc
christer,masc
aileen,fem
anneta,fem
melca,fem
berilo,masc
urbanus,masc
michelangelo,masc
caledonia,fem
belquir,masc
temis,masc
silvio,masc
talassa,fem
h,fem
fuyuki,fem
pelasco,masc
mauro,masc
fatua,fem
violet,masc
sigismundo,masc
parati,masc
taleia,fem
sita,fem
albano,masc
ebony,masc
alberto,masc
basilindo,masc
simonette,masc
nazariel,masc
tersandro,masc
mandy,fem
adele,fem
dulcie,fem
galeno,masc
cassio,masc
nubia,fem
paim,masc
hugh,masc
mallory,fem
ereima,fem
gaio,masc
valeria,fem
franclim,masc
adonaide,fem
ichiro,masc
colombina,fem
gerhard,masc
leomira,fem
luzia,fem
mari,fem
eloa,fem
antistenes,masc
orebe,masc
jepiara,masc
graziela,fem
kilakila,fem
pietro,masc
reed,masc
aristofilo,masc
heraclio,masc
adira,fem
palmer,masc
marilse,fem
breno,masc
curvelo,masc
ibirajara,masc
carmeliana,fem
anton,masc
carmelina,fem
alcandro,masc
eligio,masc
elma,fem
lamia,fem
feliciano,masc
amira,fem
eudoxia,fem
mizael,masc
virgilia,fem
kent,masc
ettore,masc
anunciada,fem
jennifer,fem
henoque,masc
plutao,masc
aguimar,masc
denzel,masc
caio,masc
ayala,masc
atanagildo,masc
mauari,masc
giorgia,fem
neiva,fem
teofilo,masc
euquenor,masc
malori,fem
ewa,fem
jacob,masc
berto,masc
benoite,fem
line,fem
cassiano,masc
geraldo,masc
astra,fem
clodoveu,masc
edana,fem
churi,fem
talarico,masc
valeriano,masc
helene,fem
ara,fem
salgado,masc
macaria,fem
laheto,masc
saadi,masc
airton,masc
juarez,masc
nil,masc
ted,masc
alaude,masc
valda,fem
goulard,masc
itaco,masc
leilane,fem
ufente,masc
dioclecio,masc
anise,fem
nuncio,masc
opira,masc
iaco,masc
roman,masc
diocleciano,masc
somina,fem
nilza,fem
naara,masc
firmo,masc
mazagoua,masc
almasor,masc
placida,fem
eleotero,masc
asdrubal,masc
azair,masc
marina,fem
crispiano,masc
wolf,masc
pitia,masc
dante,masc
livino,masc
malka,fem
sara,fem
carlito,masc
ervina,fem
dalvina,fem
marjory,fem
jacira,fem
hauolimau,masc
natalie,fem
adelfo,masc
rossini,masc
ibraim,masc
adalvino,masc
crescenzia,fem
cleomedes,masc
odin,masc
argentino,masc
rodusino,masc
evangelista,masc
flabela,masc
potengi,masc
jackson,masc
constance,fem
floripes,fem
asileu,masc
aimore,masc
alarico,masc
dakarai,fem
genesia,fem
erico,masc
dandara,fem
dakota,fem
nadezhda,fem
lindalva,fem
elsa,fem
palmiro,masc
eneias,masc
hildefonso,masc
sarosh,masc
jaire,masc
goldman,masc
guerino,masc
bella,fem
amandio,masc
acabe,masc
alexia,fem
yelena,fem
henderson,masc
caua,masc
alam,masc
deusdedit,masc
valquiria,fem
wellerson,masc
keopele,masc
ibura,masc
alfa,masc
pedrito,masc
jaboatao,masc
julia,fem
janelle,fem
zelotes,masc
tercio,masc
apolinaria,fem
placidio,masc
kendall,masc
weston,masc
pindara,masc
arthur,masc
pietra,fem
haziel,masc
rovena,masc
brandi,fem
aspasia,fem
eli,masc
barnaby,masc
anticleia,fem
zilena,fem
aima,fem
edagmara,fem
oneide,fem
althaia,fem
fagundes,masc
sansao,masc
arruda,masc
metis,masc
kaniela,masc
hokuokekai,masc
galileo,masc
zephan,masc
william,masc
fabiano,masc
enide,fem
arapua,masc
marins,masc
lelia,fem
paiva,masc
hanauhou,masc
raghu,masc
latasha,fem
remy,masc
quiroga,fem
josiah,masc
marjorie,fem
esia,fem
paquerer,masc
giuseppina,fem
jamile,fem
leia,fem
jerusa,fem
tania,fem
anand,masc
vera,fem
acurcio,masc
zaniel,masc
bibiana,fem
cleonie,masc
aziz,masc
francoise,fem
elvis,masc
deocleciano,masc
baepeba,fem
edmar,masc
sabiniano,masc
bermondo,masc
oton,masc
undine,masc
karen,fem
hironides,masc
penia,masc
pergamo,masc
eneida,fem
jader,masc
agabo,masc
iseu,masc
kemp,masc
anunciata,fem
zebadiah,masc
alexander,masc
junior,masc
romero,masc
ercilia,fem
anibal,masc
jathara,fem
yurio,masc
ivanhoe,masc
zelina,fem
neal,masc
oriba,masc
polikia,fem
orpheu,masc
rozala,fem
matilda,fem
dulce,fem
xanthe,masc
domiciano,masc
ecleu,masc
acrisio,masc
cecrops,masc
agilulfo,masc
rurina,fem
salvio,masc
agathe,fem
duarte,masc
nazareh,masc
clementino,masc
sartori,masc
ganimedes,masc
vergueiro,masc
olivia,fem
edom,masc
lanakala,masc
herodoto,masc
tertuliano,masc
ansberto,masc
perola,fem
harahel,masc
erval,masc
gadelha,fem
candole,masc
laa,fem
lucina,fem
teolinda,fem
camilo,masc
vilma,fem
anaxarco,masc
tomas,masc
creusa,fem
copernico,masc
tasso,masc
nassera,fem
sandoval,masc
umbelino,masc
euro,masc
didimo,masc
juacir,masc
delfico,masc
jafet,masc
anabela,fem
delano,masc
clito,masc
dejanira,fem
asteria,fem
zelmira,fem
alcidano,masc
cornelia,fem
magno,masc
democrito,masc
keegan,masc
doroteia,fem
belmiro,masc
guaratinga,fem
osnia,fem
clintia,fem
cupertino,masc
ailson,masc
marana,fem
silvya,fem
harrisson,masc
nicol,masc
hilbert,masc
birgit,fem
allan-kardec,masc
miranda,fem
eden,masc
francis,fem
tacicema,fem
alcinda,fem
dona,fem
bernadete,fem
franceline,fem
afra,fem
ludolfo,masc
bonifacio,masc
mirno,masc
modestino,masc
neleu,masc
osias,masc
rosivalda,fem
talia,fem
jano,masc
diores,fem
yula,fem
adorabela,fem
ben-hur,masc
hedda,fem
inande,masc
arnobio,masc
obdias,masc
keleka,fem
pelike,fem
jamal,masc
etzel,fem
yanni,fem
bentes,masc
nilson,masc
faith,masc
blandicia,fem
elam,masc
muriel,masc
clotilde,fem
paranhos,masc
magdalena,fem
paulina,fem
yasu,fem
hele,fem
clara,fem
aderbal,masc
xanto,masc
claudine,fem
jocelin,masc
ciriaco,masc
nazira,fem
akeneki,fem
nilce,fem
malvino,masc
aristeia,fem
hubert,masc
andrelina,fem
yerik,masc
bridget,fem
floro,masc
ivy,fem
edmilson,masc
geoffrey,masc
malina,fem
debbie,fem
juanita,fem
kailene,fem
zemina,fem
belmonte,masc
oxana,fem
lacinio,masc
duilio,masc
jarvis,masc
ramsey,masc
suleiman,masc
antero,masc
juruna,fem
semaco,masc
fedato,masc
cordato,masc
itajui,masc
eleuterio,masc
beatriz,fem
nadir,fem
adelaide,fem
alderita,fem
toby,masc
cremilda,fem
pelena,fem
nicolas,masc
moneta,fem
claudiana,fem
sidney,masc
tilde,masc
nigel,masc
miria,fem
ronaldo,masc
naira,fem
baltasar,masc
kai,masc
jocelyn,masc
lourenco,masc
vitoldo,masc
jonas,masc
jeanette,fem
roderick,masc
wesley,masc
magali,fem
kiera,fem
bitencourt,masc
levindo,masc
ecara,fem
apolinario,masc
lemuel,masc
azim,masc
arlinda,fem
jacinta,fem
laurino,masc
emiliana,fem
belinda,fem
carmelinda,fem
alena,fem
ruana,fem
pompeu,masc
carina,fem
antoniano,masc
magnolia,fem
gabina,fem
stanislau,masc
felicity,fem
gersam,fem
hildebrando,masc
kaled,masc
helotes,masc
koch,masc
jaco,masc
berry,fem
anacleto,masc
aristoteles,masc
maricy,fem
riki,masc
rui,masc
greca,fem
bambina,fem
pavlo,masc
osborn,masc
xantipa,masc
marcolina,fem
regis,masc
oderico,masc
agripino,masc
furlan,masc
tapira,masc
gelasia,fem
agron,masc
cefeu,masc
farrah,fem
esdras,masc
norina,fem
jesus,masc
emiliano,masc
jaciema,fem
vandique,masc
zenilda,fem
blenda,fem
nicolette,masc
saturno,masc
cairu,fem
valencio,masc
jacqui,masc
manuel,masc
moke,masc
djalmira,fem
macenas,masc
ortigao,masc
hirana,fem
ali,masc
mencio,masc
amandy,fem
kelly,fem
erasmo,masc
bogdan,masc
hulda,fem
poncio,masc
mahafara,masc
kika,fem
marva,fem
cassidy,fem
crespi,fem
valentin,masc
colomano,masc
juacira,fem
dino,masc
caitria,fem
edgar,masc
pololena,fem
saavedra,masc
alvaro,masc
agar,fem
aliria,fem
melia,fem
andronico,masc
menelaia,fem
alboino,masc
basilino,masc
ekika,fem
urania,masc
fritz,masc
mohammed,masc
ania,fem
sinval,masc
polibio,masc
aiyra,fem
bonnie,fem
susanae,fem
jabriel,masc
otto,masc
camarao,masc
aristides,masc
garib,masc
rute,fem
murana,fem
keenan,masc
vitula,fem
camila,fem
igor,masc
basilio,masc
belca,fem
asenate,masc
tacio,masc
kotaro,masc
eugene,fem
najla,fem
arator,masc
obita,masc
ictino,masc
genivaldo,masc
vilar,masc
jorge,masc
juraci,masc
anis,fem
basileu,masc
natanael,masc
seamus,masc
giovana,fem
terezinha,fem
danao,masc
ivor,masc
dirceu,masc
obede,masc
eduarda,fem
dimitre,masc
aparicia,fem
egberto,masc
ademar,masc
phoebe,masc
cristalia,fem
felicien,fem
genevra,fem
james,masc
taigete,fem
daros,masc
lanete,fem
danika,fem
honorino,masc
vania,fem
azael,masc
aspasio,masc
merope,masc
cesare,masc
jesse,masc
aisha,fem
valmir,masc
noela,masc
latonia,fem
angela,fem
leo,masc
rosamundo,masc
izolino,masc
alilat,fem
althea,fem
cintia,fem
dilermando,masc
felix,masc
cristino,masc
alessandra,fem
tenorio,masc
joviano,masc
caete,fem
agnato,masc
cleonides,masc
kerensa,fem
iole,fem
megara,fem
gabor,masc
arlene,fem
florestano,masc
sheridan,masc
santos,masc
oduvaldo,masc
edno,masc
porchat,fem
irapua,masc
lupicinio,masc
dulcidio,masc
dorval,masc
filodemo,masc
cleon,masc
sonal,fem
adamir,masc
josiana,fem
raissa,fem
dinarte,masc
gloria,fem
xantipo,masc
lala,fem
priscila,fem
piovesan,masc
teia,fem
germain,masc
myra,fem
lotis,fem
osvaldo,masc
aloa,fem
mirabele,fem
yale,masc
natalino,masc
ula,masc
gesuino,masc
louis,masc
laverne,fem
obeima,masc
genebra,fem
felisberto,masc
raruama,fem
brandon,masc
ananda,fem
alete,fem
inacia,fem
loreta,fem
esio,masc
adrian,masc
saiao,masc
gualberto,masc
thara,fem
brunswichk,masc
euripedes,masc
odila,fem
capitolino,masc
marion,masc
walton,masc
afrodisio,masc
bill,masc
umar,masc
loresio,masc
toni,masc
marielsa,fem
bertrando,masc
dalmiro,masc
assuero,masc
ricarda,fem
cincinato,masc
indira,fem
vicente,masc
kaique,masc
joaci,masc
daniel,masc
esme,masc
adelio,masc
athos,masc
lauro,masc
solomon,masc
eirapua,fem
octavia,fem
nabor,masc
rogaciano,masc
analia,fem
cinzia,fem
salvador,masc
achille,masc
lanassa,fem
narea,fem
ismael,masc
ivaldir,masc
afonso,masc
ananias,masc
gigi,fem
killian,masc
heli,masc
elvino,masc
henriqueta,fem
jane,fem
pamela,fem
camiro,masc
mazagao,masc
quelidonia,fem
valdir,masc
hamid,masc
maike,fem
adah,masc
claudina,fem
gandara,fem
vacuna,fem
zarao,masc
heneliaka,masc
victor,masc
damaceno,masc
pelopidas,masc
elaine,fem
isabele,fem
claudio,masc
hamilton,masc
delfino,masc
brook,masc
belquis,masc
bispo,masc
joannes,fem
joamar,masc
deolindo,masc
alexandrina,fem
balduino,masc
risa,fem
kaue,masc
galen,fem
getulio,masc
celio,masc
zarina,fem
alderico,masc
odir,masc
meliteu,masc
evelina,fem
daphne,fem
veneranda,fem
adrovaldo,masc
colton,masc
imira,fem
karolyn,fem
pane,fem
roboao,masc
aquilao,masc
admeto,masc
nazareno,masc
taciano,masc
clicie,fem
emilia,fem
jobson,masc
mainara,fem
maron,masc
ambrogina,fem
taquarace,masc
jona,masc
eliezer,masc
jacqueline,fem
tarcao,masc
alika,fem
vilasboas,masc
balsamina,fem
laval,masc
savedro,masc
zenite,masc
christian,masc
jaciaba,fem
iara,fem
marilu,fem
quinci,fem
labao,masc
laverna,fem
sabino,masc
bengt,masc
gilca,fem
iramaia,masc
noemio,masc
set,masc
marise,fem
zulma,fem
quentin,masc
inema,fem
juno,masc
skipp,masc
trajano,masc
eidil,masc
fulvia,fem
julieta,fem
jeane,fem
jandira,fem
valencia,fem
jared,masc
eiruba,fem
odemara,fem
demeter,fem
josephine,fem
lea,fem
deimos,masc
macedonio,masc
ibiacu,masc
pallas,fem
maikekai,masc
heinz,masc
lorena,fem
al-samir,masc
nabih,masc
iago,masc
durvalino,masc
dario,masc
margo,fem
arace,masc
nivaldo,masc
koji,masc
essoby,masc
zaltana,masc
julie,fem
kelvin,masc
leonor,fem
ioshua,masc
marli,fem
argemira,fem
aricia,fem
fineas,masc
isidora,fem
eumenis,masc
nayany,fem
onelio,masc
eufemia,fem
theodoro,masc
lorenzo,masc
fabrice,fem
gael,masc
shai,masc
radagasio,masc
vero,masc
laura,fem
etel,masc
geovanna,fem
menelau,masc
adoriabelle,fem
delamare,fem
doug,masc
antianira,fem
marilene,fem
aimee,fem
jerusha,fem
iria,fem
leagro,masc
arienne,fem
apoema,masc
joice,fem
alesha,fem
baldo,masc
yvon,masc
ireneu,masc
caue,masc
caron,fem
ines,fem
edipo,masc
teseu,masc
timandra,fem
berghaman,masc
faizel,masc
crisostomo,masc
amina,fem
brunilda,fem
durand,masc
wendler,masc
vehuiah,masc
morfeu,masc
elza,fem
armenio,masc
anceu,masc
jolene,fem
mario,masc
elisio,masc
pablo,masc
osman,masc
helen,fem
aderaldo,masc
pires,masc
orfeu,masc
basilissa,fem
marani,masc
akira,masc
linei,fem
batimeu,masc
miraglia,fem
zaila,fem
deniel,masc
cecil,masc
crispin,masc
adelmar,masc
ekualo,masc
grata,fem
elmira,fem
brita,fem
edesia,fem
felisa,fem
mary,fem
baeta,fem
marino,masc
kauan,masc
odemar,masc
agilio,masc
everton,masc
galdina,fem
paulete,fem
goreti,fem
astaroth,masc
ximen,masc
safira,fem
zilema,fem
blanche,fem
antoine,masc
ecapira,masc
fadel,masc
germana,fem
jean,masc
hilario,masc
candida,fem
matutina,fem
roama,fem
paganini,masc
elisa,fem
jurandir,masc
melito,masc
jovita,fem
jaziel,masc
inca,masc
adorinda,fem
basiliano,masc
edemir,masc
fergus,masc
thamiris,fem
sonya,fem
ednalva,fem
cario,masc
leon,masc
elida,fem
dinis,masc
jarede,masc
osvino,masc
zaki,masc
cass,fem
meire,fem
ira,fem
abe,fem
kailola,masc
tecobiara,masc
aryana,fem
salvalus,masc
peracio,masc
caco,masc
getulia,fem
kenana,masc
anastasius,masc
amara,fem
joselia,fem
otavio,masc
gaila,fem
lacirandy,masc
airetama,fem
nivia,fem
adelpho,masc
elifaz,masc
lydia,fem
sandra,fem
bromberg,masc
angerona,fem
busmeyer,masc
carmo,fem
rivadavia,fem
benedita,fem
perci,masc
simone,fem
sintique,masc
artur,masc
halehale,masc
viridiana,fem
emeline,fem
rode,masc
isolda,fem
mera,fem
selma,fem
deia,fem
epigone,masc
margareth,fem
dacio,masc
florida,fem
lopeka,fem
godofreda,fem
alebion,masc
raguel,masc
debora,fem
brigida,fem
khalil,masc
amin,masc
belamina,fem
alfredo,masc
lemuela,fem
loteno,masc
amalina,fem
martha,fem
bianca,fem
ticiano,masc
benson,masc
zozimo,masc
apollinare,masc
justina,fem
vanderlei,masc
zacarias,masc
marla,fem
javano,masc
djalma,masc
zadoque,masc
diadema,fem
roaslie,fem
sideria,fem
macaon,masc
albertina,fem
agostino,masc
roselinde,fem
calista,fem
palaka,masc
olinda,fem
mitzrael,masc
aristarco,masc
ekewaka,masc
andreoli,masc
morris,masc
gracilio,masc
oscarina,fem
kenjiro,masc
dione,fem
ibiacema,fem
hedi,masc
barbara,fem
iguacu,masc
paraguacu,masc
libia,fem
ilitia,fem
leandra,fem
laio,masc
sezefredo,masc
nelly,fem
nona,fem
ceciliano,masc
mirtis,masc
geisla,fem
brandao,masc
danuta,fem
estentor,masc
susie,fem
mauricia,fem
muniz,masc
hoirandi,masc
onesiforo,masc
naima,fem
diacui,fem
donna,fem
yarin,fem
cid,masc
eusebia,fem
hemeterio,masc
arcade,masc
bertina,fem
lombardi,masc
batista,masc
vinicios,masc
antelma,fem
calidice,fem
arai,masc
urbi,fem
silvia,fem
paraty,masc
saverio,masc
guaraciaba,fem
antoinete,fem
quintiliano,masc
lekinala,fem
dilma,fem
ondina,masc
pierce,masc
ariana,fem
lali,masc
albina,fem
bruno,masc
nair,fem
grino,masc
jenifari,fem
nevio,masc
frank,masc
annemarie,fem
gregorio,masc
lenora,fem
aran,masc
balbino,masc
carola,fem
pascacio,masc
donata,fem
sofonias,masc
kameahookohoia,masc
maurizio,masc
raul,masc
aldara,fem
percy,masc
caassica,fem
adail,fem
roquira,fem
alethea,fem
barbacena,masc
faetonte,masc
jati,masc
laudo,masc
jacimira,masc
agostina,fem
bras,masc
tarsilio,masc
tabor,masc
pero,masc
cupelo,masc
dolabela,masc
toriba,masc
alcido,masc
amon,masc
rachelle,fem
eudoro,masc
xenika,fem
wana,fem
lucila,fem
mariam,fem
shirlei,fem
zakia,fem
ametista,fem
jacara,fem
salmoneu,masc
michel,masc
francilio,masc
belle,fem
clotario,masc
mia,fem
amadeu,masc
davena,fem
liadan,masc
palas,masc
raj,masc
castilho,masc
tomaso,masc
mucio,masc
santiago,masc
amintas,masc
apikalia,fem
vitor,masc
isaura,fem
ailika,fem
apelis,masc
sepetiba,masc
absirto,masc
messina,fem
pacifico,masc
edwino,masc
berdine,fem
atalo,masc
cassia,fem
babete,fem
jacina,fem
ronildo,masc
uirandi,masc
yannis,fem
adeona,fem
aldo,masc
albion,masc
odelio,masc
anastacia,fem
caillet,fem
paolo,masc
alepeka,fem
iadah,fem
aidoneus,masc
obiru,masc
diaurum,masc
tercero,masc
pilar,fem
mina,fem
richard,masc
vonda,masc
fontes,masc
larissa,fem
leoni,fem
ambrosia,fem
hersilia,fem
rebeca,fem
nola,fem
itapema,fem
gertraud,masc
wismara,fem
aparecida,fem
lahanau,masc
ilana,fem
denise,fem
munhoz,masc
esculapio,masc
julio,masc
evita,fem
edgardo,masc
jarina,fem
nicola,masc
ariane,fem
ibiri,masc
ubiraci,fem
kedar,masc
modesta,fem
casey,masc
myrcia,fem
dalmacio,masc
dragomir,masc
vaughan,fem
hugo,masc
page,masc
otacilio,masc
darcenio,masc
emily,fem
dagmar,masc
amalie,fem
antiope,masc
viana,fem
batilde,fem
lara,fem
kimberley,masc
goias,masc
acis,masc
mabelle,fem
madressilva,fem
echo,fem
aniceto,masc
alain,masc
araguaci,masc
eliseu,masc
allan,masc
kelama,fem
freya,fem
claudia,fem
maedra,masc
nupeba,masc
whitney,fem
nolana,masc
rosario,masc
adosinda,fem
guaira,fem
tom,masc
kabza,fem
raquel,fem
belita,fem
monica,fem
ribamar,masc
edelina,fem
esmondo,masc
ranildo,masc
mi-cha,fem
ulf,masc
ingo,masc
eliade,fem
angelita,fem
mirna,fem
osirio,masc
eileen,fem
ogden,masc
dara,fem
alejandro,masc
gabinio,masc
paola,fem
cecilio,masc
acsa,masc
clarisse,fem
floyd,masc
brasiliana,fem
keiko,fem
kelda,fem
riva,masc
wilton,masc
chuck,masc
epimenides,masc
nolepeleko,masc
amary,fem
barney,masc
uaiana,fem
brigita,fem
hadassa,fem
canirim,fem
uzi,masc
laurel,masc
apia,fem
adonai,masc
deusdetina,fem
hanom,masc
zarah,fem
adelia,fem
cirilo,masc
peri,masc
jorie,masc
carrie,fem
cipriano,masc
periclesia,masc
regia,fem
gertrudes,fem
mac,masc
conte,masc
zebilon,masc
suzy,fem
ester,fem
jayma,fem
arrigo,masc
gertruida,fem
renan,masc
naiade,fem
luciene,fem
balderico,masc
waldir,masc
simas,masc
israel,masc
bernarda,fem
icanor,masc
harrison,masc
sophie,fem
gustavo,masc
jandaia,fem
adalia,fem
perseu,masc
avare,masc
wilian,masc
cotiguara,fem
iwin,masc
arionte,masc
rothes,masc
enos,masc
cornelio,masc
lea,fem
caroline,fem
charlton,masc
esperidiao,masc
ticiana,fem
eliana,fem
aderico,masc
raria,fem
pakelekia,fem
nemestrino,masc
antonita,fem
laureana,fem
malcolm,masc
paula,fem
ibarama,fem
guto,masc
romeiro,masc
mencia,fem
neria,fem
ubiracema,fem
chase,fem
belamiro,masc
efrem,masc
nayara,fem
fedro,masc
andersen,masc
casimir,masc
brooke,masc
celandine,fem
bartira,fem
abati,fem
jezabel,masc
natividade,masc
alex,masc
marcelino,masc
quentel,masc
charlene,fem
petronilho,masc
edite,fem
bertoldo,masc
galata,fem
palakine,fem
melina,fem
shakti,masc
jaclyn,fem
carmeliano,masc
morales,masc
domenico,masc
akemi,fem
hiero,masc
aclima,fem
zelda,fem
aelia,fem
uiara,fem
tiberio,masc
sibil,fem
adilia,fem
ivete,fem
denis,masc
galdencia,fem
dicea,fem
narciso,masc
spencer,masc
iamo,masc
soleon,masc
heracles,masc
epona,fem
casimiro,masc
temao,masc
panteia,fem
warren,masc
efraim,masc
odilio,masc
uana,fem
elidio,masc
saulo,masc
acei,fem
bartolomeu,masc
nanette,fem
virgil,masc
pavel,masc
mara,fem
kanela,fem
kalena,fem
milan,masc
celia,fem
niels,masc
eilen,fem
tarsila,fem
hamish,masc
idalino,masc
terencio,masc
araponga,masc
emilio,masc
kenneth,masc
sinoe,masc
eleazar,masc
edmundo,masc
maida,fem
naomi,fem
murcia,fem
cataldi,masc
zelia,fem
doriano,masc
damastor,masc
petronilo,masc
gratiano,masc
helio,masc
alma,fem
armim,masc
lucimar,fem
tacira,fem
clodovil,masc
hannah,fem
lauren,masc
atanasio,masc
oderico,masc
aparicio,masc
etama,fem
arati,masc
eleonor,masc
kuri,masc
alejandra,fem
ilsa,fem
adom,masc
ataulfo,masc
ermelindo,masc
waltrode,masc
derek,masc
hercilia,fem
burle,fem
carol,fem
anael,masc
jemima,fem
eulina,fem
ilione,fem
marc,masc
aristodemos,masc
jessie,fem
benevolo,masc
katsuo,masc
floide,fem
ross,masc
randy,masc
corina,fem
creta,fem
volimar,masc
salustio,masc
livio,masc
guaraciara,fem
lubomira,masc
cembira,fem
peddy,fem
menon,masc
kumari,fem
roberto,masc
inocencio,masc
hiran,masc
schneider,masc
robert,masc
ednilda,fem
cesarino,masc
xuxa,fem
fleur,masc
colomba,fem
hiroshi,masc
hercules,masc
heron,masc
federigo,masc
assur,masc
vanusa,fem
cecile,fem
ermesinda,fem
zandone,fem
cleofas,masc
laseja,fem
bahman,masc
ceu,masc
marathon,masc
jordano,masc
karan,masc
henrike,masc
aglaupo,masc
clodoviu,masc
marta,fem
romeu,masc
xavier,masc
apollon,masc
niara,fem
davino,masc
luciolo,masc
imelda,fem
chrysanta,fem
emma,fem
galadriel,fem
elisangela,fem
scalco,masc
piaso,masc
aladino,masc
viviana,fem
glicerio,masc
fidelio,masc
cinara,fem
jonio,masc
alexino,masc
ampelio,masc
bachir,masc
oberico,masc
malquiel,masc
mahara,masc
gaylord,masc
nicholas,masc
oneida,fem
neli,masc
camron,masc
gamarra,masc
rosemarie,fem
itubore,masc
ivone,fem
faustino,masc
poppy,fem
salome,masc
adina,fem
kuana,fem
ariovaldo,masc
xerazade,fem
rene,masc
ibate,masc
volker,masc
birigui,masc
oziel,masc
kerry,masc
margarete,fem
noreen,masc
fatma,fem
paraopeba,masc
palamedes,masc
roderico,masc
panfilo,masc
calistrato,masc
ursel,masc
gemma,fem
hermione,fem
perez,masc
ismenia,fem
renita,fem
alexa,fem
alfio,masc
tarcisio,masc
avati,masc
artemisia,fem
luise,fem
tabajara,masc
bolina,fem
andromeda,fem
frederica,fem
crispim,masc
josi,fem
herman,masc
argira,fem
aguirre,masc
idario,masc
pianco,masc
miracema,fem
elga,fem
kimball,masc
albornoz,masc
knox,masc
kammille,fem
fiacrio,masc
ubauna,masc
ghislaine,fem
maome,masc
tayla,fem
ksenia,fem
morel,masc
bastos,masc
amonati,masc
clare,fem
aleluia,fem
kanake,fem
agildo,masc
davidson,masc
arriola,fem
abraao,masc
polifeno,masc
rosalba,fem
mauliola,masc
elton,masc
xande,masc
asa,masc
rosalie,fem
luci,fem
ubaldo,masc
ajyra,fem
onesimo,masc
kala,masc
messias,masc
jeffrey,masc
imelde,fem
ecira,fem
lincoln,fem
nadia,fem
ricardino,masc
halona,fem
rigoberto,masc
bell,fem
remi,masc
nimbus,masc
volupia,masc
levi,masc
mendelson,masc
arza,fem
blandino,masc
tamuz,masc
apuana,masc
marvin,masc
marlena,fem
celimena,fem
fauno,masc
bento,masc
elizabeth,fem
bloch,masc
moacir,masc
garamantia,fem
avelar,masc
dina,fem
filinto,masc
zene,fem
quotar,masc
edileusa,fem
ecaraia,fem
eulalio,masc
hiram,masc
mirthes,masc
artemia,fem
tamara,fem
hasan,masc
teodolinda,fem
veronica,fem
antonia,fem
aloisio,masc
penrod,masc
yarmilla,fem
justa,fem
rosalvo,masc
denilson,masc
haroldo,masc
noemi,fem
dieudonee,masc
jeronimo,masc
otilia,fem
etna,fem
aleka,fem
elzira,fem
ciaran,masc
natacha,fem
leikela,fem
marietta,fem
janari,fem
adelbar,masc
bacuara,masc
ulima,fem
padilha,masc
pepita,fem
ibanez,masc
rodger,masc
iguatemi,masc
crispo,masc
estevan,masc
belamino,masc
chamberlaim,masc
posseidon,masc
izolina,fem
zenia,fem
beni,fem
andreina,fem
acteia,fem
leila,fem
melchior,masc
walter,masc
neymar,masc
amorim,masc
martim,masc
goulart,masc
epifania,fem
jovito,masc
satiro,masc
encarnacion,masc
anais,fem
ceres,fem
mafalda,fem
paloma,fem
adroaldo,masc
meneleu,masc
henry,masc
venceslau,masc
rinaldo,masc
acilia,fem
ismenio,masc
elvio,masc
rosemeire,fem
alison,fem
amanda,fem
hera,fem
briseu,masc
preciosa,fem
militao,masc
dejanir,fem
lika,fem
shuichi,masc
platao,masc
pina,fem
diana,fem
abel,masc
king,masc
geovana,fem
vicki,masc
mayara,fem
emilly,fem
isaque,masc
solomao,masc
madeleine,fem
lindoia,fem
evelin,fem
helge,masc
karolina,fem
seneca,masc
abundancio,masc
ilka,fem
odessa,fem
lotus,masc
ebano,masc
simonie,masc
ronny,masc
cendi,fem
laila,fem
cleonte,masc
celeo,masc
maura,fem
kazuo,masc
ibitira,fem
benoni,masc
bernice,fem
galvino,masc
nildete,fem
hilton,masc
murilo,masc
frabriciano,masc
eliasoe,masc
edegar,masc
damaris,fem
ward,masc
astor,masc
adilio,masc
eacido,masc
meneceu,masc
joseline,fem
rezon,masc
laureen,fem
romulo,masc
louise,fem
canet,fem
basiliana,fem
kaki,fem
gad,masc
radulfo,masc
renata,fem
umberto,masc
aida,fem
vismara,fem
zoilo,fem
maceio,masc
arnaldo,masc
eleanor,masc
libania,fem
ibotirama,fem
nolan,masc
zarifa,fem
america,fem
anadir,fem
sam,masc
alzira,fem
brigite,fem
zinara,fem
albert,masc
arsione,fem
horst,masc
wiki,fem
kuarashi,fem
nise,fem
armando,masc
hersilio,masc
iona,fem
acindina,fem
isidore,fem
allende,fem
cleodoro,masc
acaiah,masc
demostenes,fem
sherlock,masc
asael,masc
monalisa,fem
merlin,masc
lucelia,fem
taia,fem
luigi,masc
mancio,masc
carmelo,masc
radames,masc
neimar,masc
meir,masc
adigenio,masc
modesto,masc
edmond,masc
remo,masc
hilaria,fem
rigotto,masc
venturada,masc
ximena,fem
geralda,fem
adilah,fem
arden,masc
estevao,masc
argaios,masc
darlene,fem
mirta,fem
amabile,fem
leodonia,masc
zadeao,masc
tecaberaba,masc
fay,fem
zed,masc
honorata,fem
kaia,masc
melpone,fem
alan,masc
thaina,fem
expedito,masc
antioco,masc
lake,masc
jouvin,masc
apolo,masc
raiane,masc
aratama,masc
juatama,fem
antenore,masc
giselle,fem
valentina,fem
graciliano,masc
naiara,fem
arani,fem
zoraide,fem
terence,masc
chico,masc
edelmira,fem
timeu,masc
balbilio,masc
issa,fem
lauretta,fem
lars,masc
upton,masc
bertha,fem
kailina,fem
flora,fem
eudorico,masc
macieira,fem
eco,masc
czeslaw,masc
aleo,masc
luciano,masc
odelia,fem
adamantina,fem
donald,masc
duncan,fem
aruana,fem
tomasio,masc
chilon,masc
baron,masc
henoheno,masc
maranhao,masc
adonis,masc
adoniran,masc
paqueta,masc
erik,masc
caligula,masc
bethany,fem
cristina,fem
gita,fem
lidia,fem
jacome,masc
laercio,masc
marchiori,masc
thomas,masc
diomedes,masc
rosimeri,fem
guida,fem
anatolio,masc
dracon,masc
jessamina,fem
fatuo,masc
maria,fem
epitacio,masc
sileno,masc
carly,fem
dagomar,masc
havilah,masc
aristodemo,masc
herica,fem
davi,masc
adriele,fem
oscar,masc
rowena,fem
giovanna,fem
arnulfo,masc
elke,fem
anaxagoras,masc
hamlet,masc
frontin,masc
teodorico,masc
kamila,fem
melquisedeque,masc
kapane,masc
ernesto,masc
chris,masc
anarcase,fem
pantaleao,masc
laerte,masc
fanor,masc
xenia,fem
iasmin,fem
elinor,masc
cristovao,masc
ranald,masc
lucrecio,masc
mairare,masc
bete,fem
hilda,fem
vidya,fem
heidi,fem
ruperto,masc
jessy,fem
vitoria,fem
heros,masc
galeria,fem
belgio,masc
nassima,fem
corin,fem
azucena,fem
gomes,masc
opelia,fem
mahasiah,masc
kristofer,masc
zanetti,masc
judith,fem
rudi,fem
mazzaroti,masc
ubirajara,masc
savino,masc
quelidonio,masc
ajaguna,masc
tabitha,fem
alaide,fem
saladino,masc
josias,masc
serrao,masc
vladimir,masc
quevedo,masc
luciana,fem
redenta,fem
antonin,masc
matheus,masc
madelberta,fem
evangelina,fem
zenobio,masc
omar,masc
draco,masc
sueli,fem
thais,fem
duprat,masc
kylie,masc
matteo,masc
vincent,masc
bismark,masc
anna,fem
jeremiah,masc
alepeleko,masc
lakina,fem
budant,fem
silva,masc
quincas,masc
cleonice,fem
gabriele,fem
liki,fem
zafriel,masc
concepcion,fem
alipia,fem
colatino,masc
benedito,masc
franziska,fem
edissa,fem
coema,fem
altevira,fem
ervino,masc
pio,masc
adamastor,masc
fabio,masc
maira,fem
silas,masc
laoconte,masc
neofita,fem
ilca,fem
irenia,fem
eraldo,masc
beaumont,fem
leonel,masc
iakopa,masc
russell,masc
cristiano,masc
norcia,fem
kamealamalama,fem
randall,masc
lucien,fem
adalina,fem
ibiuna,fem
krishna,fem
casira,fem
owena,fem
chad,fem
oren,masc
betina,fem
heladio,masc
nolina,fem
radomil,masc
ciro,masc
maicol,masc
sadala,masc
eucadia,fem
haidee,fem
kelia,fem
ordalia,masc
canace,fem
piraju,masc
mercedes,fem
zaqueu,masc
estacia,fem
grazia,fem
lisis,masc
javan,masc
alexandra,fem
adelina,fem
ana,fem
becker,masc
aquira,fem
sonia,fem
lee,masc
kinderman,masc
betty,fem
adao,masc
delfina,fem
florisbela,fem
miriam,fem
adam,masc
ebe,fem
eliu,masc
neusa,fem
sampson,masc
darcio,masc
bertino,masc
serge,masc
nikolas,masc
accioli,masc
jafe,masc
brunot,masc
gina,fem
adair,masc
freda,fem
diocles,masc
moara,masc
amena,fem
nicole,fem
niceia,fem
genesio,masc
valentim,masc
izabel,fem
natal,masc
pandolfo,masc
luce,fem
otinga,fem
isabel,fem
maleah,fem
alecia,fem
tomasia,fem
perseveranda,masc
benilda,fem
luther,masc
benicio,masc
digna,fem
brito,masc
uda,fem
jari,masc
romano,masc
aiko,masc
ibrahim,masc
agnodice,fem
frans,masc
noah,masc
rigoleto,masc
stela,fem
amaltrudes,fem
neide,fem
uberaba,masc
jurandira,fem
mariah,fem
febe,fem
gumersindo,masc
minna,fem
zilda,fem
nico,masc
paulino,masc
aodh,masc
zelinda,fem
aixa,fem
fidencio,masc
estela,fem
ataide,masc
alexandrino,masc
heidrun,masc
daichi,masc
lamaki,masc
laimana,fem
luiza,fem
maxima,fem
zulmira,fem
cleusa,fem
helbia,fem
adeline,fem
domingos,masc
alapaki,masc
jaques,masc
epicares,masc
angel,fem
ifigenia,fem
holly,fem
durward,masc
donatelo,masc
aster,masc
sinclair,masc
jacimar,fem
sicupira,fem
adjuto,masc
petronia,fem
rosemary,fem
wallis,masc
janio,masc
galeso,masc
icer,masc
li,fem
ryan,masc
delmiro,masc
gracinaldo,masc
alcacova,fem
arabela,fem
marsilio,masc
celina,fem
kremer,masc
relinde,masc
rosete,fem
janine,fem
garret,masc
segismondo,masc
pacheco,masc
jabril,masc
neyany,fem
lolita,fem
delmar,masc
acilda,fem
kolomona,masc
garth,masc
rafiq,masc
ranilda,fem
alcimene,masc
karla,fem
quintela,fem
yin,masc
amicia,fem
efrata,fem
ehu,masc
moraes,masc
quirina,fem
palma,fem
laberio,masc
elisabeth,fem
estelio,masc
manualdo,masc
iamana,masc
kari,fem
medeia,fem
beroe,fem
adozina,fem
ocirema,fem
asafe,masc
gervasio,masc
epiteto,masc
pedro,masc
celestino,masc
jabino,masc
origenes,masc
nenia,fem
dorival,masc
alikia,fem
silvano,masc
menandro,masc
zedekiah,masc
caxambu,masc
cabral,masc
arrais,masc
danila,fem
luis,masc
juliana,fem
araujo,masc
adolar,masc
consuelo,fem
natalia,fem
aeron,fem
adalrico,masc
generoso,masc
andromico,masc
montgomery,masc
acira,fem
libanio,masc
balaao,masc
manon,masc
nabal,masc
hierocles,masc
haideia,fem
arinha,fem
harpina,fem
tome,masc
zaire,masc
tibirica,masc
sigefredo,masc
aldemiro,masc
astrid,masc
alcipe,fem
ernest,masc
rufus,masc
campesino,masc
clarinda,fem
clemente,masc
colombo,masc
arrieta,fem
joly,masc
samuel,masc
albuim,masc
paige,fem
ageu,masc
oritia,masc
santoro,masc
elicio,masc
kate,fem
fabiana,fem
desideria,fem
iodamia,fem
dionisio,masc
tulia,fem
ibere,masc
ebraim,masc
violeta,fem
labda,fem
perato,masc
malaquias,masc
wanderley,masc
adalfrida,fem
trevor,masc
neville,masc
davina,fem
vinciana,fem
cherry,fem
thalassa,fem
remiel,masc
lokelika,masc
policasta,fem
singer,masc
mamom,masc
jupiara,fem
dea,fem
adoniram,masc
malque,masc
keamuka,masc
elato,masc
cleide,fem
menahem,masc
patrick,masc
kassim,masc
zenon,masc
giselda,fem
amino,masc
riley,masc
adler,masc
irae,masc
tonia,fem
heiki,fem
wolfgang,masc
silvana,fem
jurece,masc
dalva,fem
aldora,fem
gerardo,masc
earl,masc
wunibald,masc
muciano,masc
ozanan,masc
kaab,masc
carian,masc
ina,fem
arminda,fem
marlise,fem
jamie,fem
farell,masc
gerthe,fem
manrico,masc
lidiane,fem
buriti,fem
daira,fem
silvino,masc
clarence,fem
valerio,masc
itapolis,masc
birgitta,fem
donatien,masc
alicia,fem
josafa,masc
aluisio,masc
agapenor,masc
hamed,fem
marceline,masc
dedalo,masc
semira,fem
dina,fem
kurumi,fem
lavinio,masc
bambui,fem
karine,fem
laisa,fem
granada,fem
oquira,masc
hekele,fem
ricardo,masc
alden,fem
janice,fem
eno,masc
araci,fem
haide,fem
agripa,fem
arrife,fem
miqueias,masc
severo,masc
barac,masc
amorreu,masc
clayton,masc
zara,fem
marcal,masc
manuku,masc
adameire,fem
perdida,fem
zalika,fem
jefferson,masc
clelia,fem
edenica,fem
guarauna,fem
valdo,masc
giordana,fem
jaromir,masc
kaloka,masc
tinoco,masc
yara,fem
fabienne,fem
grazina,fem
elis,fem
quione,fem
janet,fem
poranga,fem
oholupalupa,masc
viviane,fem
cassarah,fem
apiuna,masc
joh,masc
rosangela,fem
vougan,masc
lucrecia,fem
abella,fem
hamon,masc
aracunda,fem
ioana,fem
queiros,masc
arieta,fem
dicteu,masc
caique,masc
elea,fem
waldo,masc
ladislau,masc
landim,masc
upiara,masc
placido,masc
eanes,masc
liborio,masc
alipio,masc
quintus,masc
laurentine,masc
wania,fem
luisa,fem
itau,masc
jasao,masc
konia,fem
tito,masc
heather,masc
khadija,fem
itatiba,masc
taci,fem
lais,fem
adiel,masc
macris,fem
michele,fem
kazumi,masc
olimpia,fem
cadmo,masc
aeropa,fem
feital,masc
lokene,masc
salustiano,masc
franciele,fem
beoto,masc
danton,masc
moreira,masc
sidnei,masc
madge,masc
juscelino,masc
firminiano,masc
diane,fem
capitolina,fem
clay,fem
juda,masc
yeray,masc
noe,masc
dayane,fem
damiano,masc
altino,masc
vinola,fem
nicacio,masc
keike,fem
rubia,fem
maraira,fem
chandali,fem
claire,fem
hardy,masc
marvel,fem
atalanta,fem
ron,masc
anticiro,masc
samson,masc
kini,masc
madelina,fem
navito,masc
nilme,fem
nolemana,fem
melvino,masc
zabulao,masc
xisto,masc
faical,masc
jordana,fem
irene,fem
aury,masc
arco-verde,masc
carmelia,fem
gerson,masc
castelar,fem
agapanto,masc
veriano,masc
quinn,masc
ferdinando,masc
alethia,fem
laudelino,masc
catrina,fem
alita,fem
jaque,masc
cendyl,fem
aldonca,masc
samir,masc
kaakakona,masc
artaschasa,fem
araipe,masc
marilda,fem
alenica,fem
epicasta,masc
irece,fem
oliveira,masc
lekana,fem
amapola,fem
yahya,masc
lokelani,fem
alba,fem
bocaiuva,fem
franco,masc
bertolino,masc
ubajara,masc
esmeralda,fem
chermont,masc
cida,fem
destiny,fem
guapira,fem
guadalupe,fem
rick,masc
calais,masc
acanto,masc
alcmena,fem
kopi,fem
kiliano,masc
jemime,fem
neftali,masc
menotti,masc
yves,masc
martins,masc
